execution_idx,application,case,version,classpath,package,stacktrace_path,fixed,fixed_version,buggy_frame,p_functional_mocking,functional_mocking_percent,p_reflection_on_private,reflection_start_percent,search_budget,population,p_object_pool,p_model_pool_target_init,p_model_pool_non_target_init,seed_clone,seed_mutations,test_dir
1,lang,LANG-12b,12b,becnhmark/applications/LANG-bins/LANG-12b,lang3,becnhmark/crashes/LANG/LANG-12b/LANG-12b.log,yes,12f,2,0.8,0.5,0,0,62328,100,0.6,0.2,0.2,0,3,JarFiles/GGA-tests/LANG-12b
2,lang,LANG-12b,12b,becnhmark/applications/LANG-bins/LANG-12b,lang3,becnhmark/crashes/LANG/LANG-12b/LANG-12b.log,yes,12f,2,0.8,0.5,0,0,62328,100,0.6,0.2,0.2,0,3,JarFiles/GGA-tests/LANG-12b
3,lang,LANG-12b,12b,becnhmark/applications/LANG-bins/LANG-12b,lang3,becnhmark/crashes/LANG/LANG-12b/LANG-12b.log,yes,12f,2,0.8,0.5,0,0,62328,100,0.6,0.2,0.2,0,3,JarFiles/GGA-tests/LANG-12b
4,lang,LANG-12b,12b,becnhmark/applications/LANG-bins/LANG-12b,lang3,becnhmark/crashes/LANG/LANG-12b/LANG-12b.log,yes,12f,2,0.8,0.5,0,0,62328,100,0.6,0.2,0.2,0,3,JarFiles/GGA-tests/LANG-12b
5,lang,LANG-12b,12b,becnhmark/applications/LANG-bins/LANG-12b,lang3,becnhmark/crashes/LANG/LANG-12b/LANG-12b.log,yes,12f,2,0.8,0.5,0,0,62328,100,0.6,0.2,0.2,0,3,JarFiles/GGA-tests/LANG-12b
6,lang,LANG-12b,12b,becnhmark/applications/LANG-bins/LANG-12b,lang3,becnhmark/crashes/LANG/LANG-12b/LANG-12b.log,yes,12f,2,0.8,0.5,0,0,62328,100,0.6,0.2,0.2,0,3,JarFiles/GGA-tests/LANG-12b
7,lang,LANG-12b,12b,becnhmark/applications/LANG-bins/LANG-12b,lang3,becnhmark/crashes/LANG/LANG-12b/LANG-12b.log,yes,12f,2,0.8,0.5,0,0,62328,100,0.6,0.2,0.2,0,3,JarFiles/GGA-tests/LANG-12b
8,lang,LANG-12b,12b,becnhmark/applications/LANG-bins/LANG-12b,lang3,becnhmark/crashes/LANG/LANG-12b/LANG-12b.log,yes,12f,2,0.8,0.5,0,0,62328,100,0.6,0.2,0.2,0,3,JarFiles/GGA-tests/LANG-12b
9,lang,LANG-12b,12b,becnhmark/applications/LANG-bins/LANG-12b,lang3,becnhmark/crashes/LANG/LANG-12b/LANG-12b.log,yes,12f,2,0.8,0.5,0,0,62328,100,0.6,0.2,0.2,0,3,JarFiles/GGA-tests/LANG-12b
10,lang,LANG-12b,12b,becnhmark/applications/LANG-bins/LANG-12b,lang3,becnhmark/crashes/LANG/LANG-12b/LANG-12b.log,yes,12f,2,0.8,0.5,0,0,62328,100,0.6,0.2,0.2,0,3,JarFiles/GGA-tests/LANG-12b
1,lang,LANG-9b,9b,becnhmark/applications/LANG-bins/LANG-9b,lang3,becnhmark/crashes/LANG/LANG-9b/LANG-9b.log,yes,9f,5,0.8,0.5,0,0,62328,100,0.6,0.2,0.2,0,3,JarFiles/GGA-tests/LANG-9b
2,lang,LANG-9b,9b,becnhmark/applications/LANG-bins/LANG-9b,lang3,becnhmark/crashes/LANG/LANG-9b/LANG-9b.log,yes,9f,5,0.8,0.5,0,0,62328,100,0.6,0.2,0.2,0,3,JarFiles/GGA-tests/LANG-9b
3,lang,LANG-9b,9b,becnhmark/applications/LANG-bins/LANG-9b,lang3,becnhmark/crashes/LANG/LANG-9b/LANG-9b.log,yes,9f,5,0.8,0.5,0,0,62328,100,0.6,0.2,0.2,0,3,JarFiles/GGA-tests/LANG-9b
4,lang,LANG-9b,9b,becnhmark/applications/LANG-bins/LANG-9b,lang3,becnhmark/crashes/LANG/LANG-9b/LANG-9b.log,yes,9f,5,0.8,0.5,0,0,62328,100,0.6,0.2,0.2,0,3,JarFiles/GGA-tests/LANG-9b
5,lang,LANG-9b,9b,becnhmark/applications/LANG-bins/LANG-9b,lang3,becnhmark/crashes/LANG/LANG-9b/LANG-9b.log,yes,9f,5,0.8,0.5,0,0,62328,100,0.6,0.2,0.2,0,3,JarFiles/GGA-tests/LANG-9b
6,lang,LANG-9b,9b,becnhmark/applications/LANG-bins/LANG-9b,lang3,becnhmark/crashes/LANG/LANG-9b/LANG-9b.log,yes,9f,5,0.8,0.5,0,0,62328,100,0.6,0.2,0.2,0,3,JarFiles/GGA-tests/LANG-9b
7,lang,LANG-9b,9b,becnhmark/applications/LANG-bins/LANG-9b,lang3,becnhmark/crashes/LANG/LANG-9b/LANG-9b.log,yes,9f,5,0.8,0.5,0,0,62328,100,0.6,0.2,0.2,0,3,JarFiles/GGA-tests/LANG-9b
8,lang,LANG-9b,9b,becnhmark/applications/LANG-bins/LANG-9b,lang3,becnhmark/crashes/LANG/LANG-9b/LANG-9b.log,yes,9f,5,0.8,0.5,0,0,62328,100,0.6,0.2,0.2,0,3,JarFiles/GGA-tests/LANG-9b
9,lang,LANG-9b,9b,becnhmark/applications/LANG-bins/LANG-9b,lang3,becnhmark/crashes/LANG/LANG-9b/LANG-9b.log,yes,9f,5,0.8,0.5,0,0,62328,100,0.6,0.2,0.2,0,3,JarFiles/GGA-tests/LANG-9b
10,lang,LANG-9b,9b,becnhmark/applications/LANG-bins/LANG-9b,lang3,becnhmark/crashes/LANG/LANG-9b/LANG-9b.log,yes,9f,5,0.8,0.5,0,0,62328,100,0.6,0.2,0.2,0,3,JarFiles/GGA-tests/LANG-9b
1,math,MATH-81b,81b,becnhmark/applications/MATH-bins/MATH-81b,math3,becnhmark/crashes/MATH/MATH-81b/MATH-81b.log,yes,81f,6,0.8,0.5,0,0,62328,100,0.6,0.2,0.2,0,3,JarFiles/GGA-tests/MATH-81b
2,math,MATH-81b,81b,becnhmark/applications/MATH-bins/MATH-81b,math3,becnhmark/crashes/MATH/MATH-81b/MATH-81b.log,yes,81f,6,0.8,0.5,0,0,62328,100,0.6,0.2,0.2,0,3,JarFiles/GGA-tests/MATH-81b
3,math,MATH-81b,81b,becnhmark/applications/MATH-bins/MATH-81b,math3,becnhmark/crashes/MATH/MATH-81b/MATH-81b.log,yes,81f,6,0.8,0.5,0,0,62328,100,0.6,0.2,0.2,0,3,JarFiles/GGA-tests/MATH-81b
4,math,MATH-81b,81b,becnhmark/applications/MATH-bins/MATH-81b,math3,becnhmark/crashes/MATH/MATH-81b/MATH-81b.log,yes,81f,6,0.8,0.5,0,0,62328,100,0.6,0.2,0.2,0,3,JarFiles/GGA-tests/MATH-81b
5,math,MATH-81b,81b,becnhmark/applications/MATH-bins/MATH-81b,math3,becnhmark/crashes/MATH/MATH-81b/MATH-81b.log,yes,81f,6,0.8,0.5,0,0,62328,100,0.6,0.2,0.2,0,3,JarFiles/GGA-tests/MATH-81b
6,math,MATH-81b,81b,becnhmark/applications/MATH-bins/MATH-81b,math3,becnhmark/crashes/MATH/MATH-81b/MATH-81b.log,yes,81f,6,0.8,0.5,0,0,62328,100,0.6,0.2,0.2,0,3,JarFiles/GGA-tests/MATH-81b
7,math,MATH-81b,81b,becnhmark/applications/MATH-bins/MATH-81b,math3,becnhmark/crashes/MATH/MATH-81b/MATH-81b.log,yes,81f,6,0.8,0.5,0,0,62328,100,0.6,0.2,0.2,0,3,JarFiles/GGA-tests/MATH-81b
8,math,MATH-81b,81b,becnhmark/applications/MATH-bins/MATH-81b,math3,becnhmark/crashes/MATH/MATH-81b/MATH-81b.log,yes,81f,6,0.8,0.5,0,0,62328,100,0.6,0.2,0.2,0,3,JarFiles/GGA-tests/MATH-81b
9,math,MATH-81b,81b,becnhmark/applications/MATH-bins/MATH-81b,math3,becnhmark/crashes/MATH/MATH-81b/MATH-81b.log,yes,81f,6,0.8,0.5,0,0,62328,100,0.6,0.2,0.2,0,3,JarFiles/GGA-tests/MATH-81b
10,math,MATH-81b,81b,becnhmark/applications/MATH-bins/MATH-81b,math3,becnhmark/crashes/MATH/MATH-81b/MATH-81b.log,yes,81f,6,0.8,0.5,0,0,62328,100,0.6,0.2,0.2,0,3,JarFiles/GGA-tests/MATH-81b
1,mockito,MOCKITO-34b,34b,becnhmark/applications/MOCKITO-bins/MOCKITO-34b,mockito,becnhmark/crashes/MOCKITO/MOCKITO-34b/MOCKITO-34b.log,yes,34f,1,0.8,0.5,0,0,62328,100,0.6,0.2,0.2,0,3,JarFiles/GGA-tests/MOCKITO-34b
2,mockito,MOCKITO-34b,34b,becnhmark/applications/MOCKITO-bins/MOCKITO-34b,mockito,becnhmark/crashes/MOCKITO/MOCKITO-34b/MOCKITO-34b.log,yes,34f,1,0.8,0.5,0,0,62328,100,0.6,0.2,0.2,0,3,JarFiles/GGA-tests/MOCKITO-34b
3,mockito,MOCKITO-34b,34b,becnhmark/applications/MOCKITO-bins/MOCKITO-34b,mockito,becnhmark/crashes/MOCKITO/MOCKITO-34b/MOCKITO-34b.log,yes,34f,1,0.8,0.5,0,0,62328,100,0.6,0.2,0.2,0,3,JarFiles/GGA-tests/MOCKITO-34b
4,mockito,MOCKITO-34b,34b,becnhmark/applications/MOCKITO-bins/MOCKITO-34b,mockito,becnhmark/crashes/MOCKITO/MOCKITO-34b/MOCKITO-34b.log,yes,34f,1,0.8,0.5,0,0,62328,100,0.6,0.2,0.2,0,3,JarFiles/GGA-tests/MOCKITO-34b
5,mockito,MOCKITO-34b,34b,becnhmark/applications/MOCKITO-bins/MOCKITO-34b,mockito,becnhmark/crashes/MOCKITO/MOCKITO-34b/MOCKITO-34b.log,yes,34f,1,0.8,0.5,0,0,62328,100,0.6,0.2,0.2,0,3,JarFiles/GGA-tests/MOCKITO-34b
6,mockito,MOCKITO-34b,34b,becnhmark/applications/MOCKITO-bins/MOCKITO-34b,mockito,becnhmark/crashes/MOCKITO/MOCKITO-34b/MOCKITO-34b.log,yes,34f,1,0.8,0.5,0,0,62328,100,0.6,0.2,0.2,0,3,JarFiles/GGA-tests/MOCKITO-34b
7,mockito,MOCKITO-34b,34b,becnhmark/applications/MOCKITO-bins/MOCKITO-34b,mockito,becnhmark/crashes/MOCKITO/MOCKITO-34b/MOCKITO-34b.log,yes,34f,1,0.8,0.5,0,0,62328,100,0.6,0.2,0.2,0,3,JarFiles/GGA-tests/MOCKITO-34b
8,mockito,MOCKITO-34b,34b,becnhmark/applications/MOCKITO-bins/MOCKITO-34b,mockito,becnhmark/crashes/MOCKITO/MOCKITO-34b/MOCKITO-34b.log,yes,34f,1,0.8,0.5,0,0,62328,100,0.6,0.2,0.2,0,3,JarFiles/GGA-tests/MOCKITO-34b
9,mockito,MOCKITO-34b,34b,becnhmark/applications/MOCKITO-bins/MOCKITO-34b,mockito,becnhmark/crashes/MOCKITO/MOCKITO-34b/MOCKITO-34b.log,yes,34f,1,0.8,0.5,0,0,62328,100,0.6,0.2,0.2,0,3,JarFiles/GGA-tests/MOCKITO-34b
10,mockito,MOCKITO-34b,34b,becnhmark/applications/MOCKITO-bins/MOCKITO-34b,mockito,becnhmark/crashes/MOCKITO/MOCKITO-34b/MOCKITO-34b.log,yes,34f,1,0.8,0.5,0,0,62328,100,0.6,0.2,0.2,0,3,JarFiles/GGA-tests/MOCKITO-34b
1,mockito,MOCKITO-3b,3b,becnhmark/applications/MOCKITO-bins/MOCKITO-3b,mockito,becnhmark/crashes/MOCKITO/MOCKITO-3b/MOCKITO-3b.log,yes,3f,12,0.8,0.5,0,0,62328,100,0.6,0.2,0.2,0,3,JarFiles/GGA-tests/MOCKITO-3b
2,mockito,MOCKITO-3b,3b,becnhmark/applications/MOCKITO-bins/MOCKITO-3b,mockito,becnhmark/crashes/MOCKITO/MOCKITO-3b/MOCKITO-3b.log,yes,3f,12,0.8,0.5,0,0,62328,100,0.6,0.2,0.2,0,3,JarFiles/GGA-tests/MOCKITO-3b
3,mockito,MOCKITO-3b,3b,becnhmark/applications/MOCKITO-bins/MOCKITO-3b,mockito,becnhmark/crashes/MOCKITO/MOCKITO-3b/MOCKITO-3b.log,yes,3f,12,0.8,0.5,0,0,62328,100,0.6,0.2,0.2,0,3,JarFiles/GGA-tests/MOCKITO-3b
4,mockito,MOCKITO-3b,3b,becnhmark/applications/MOCKITO-bins/MOCKITO-3b,mockito,becnhmark/crashes/MOCKITO/MOCKITO-3b/MOCKITO-3b.log,yes,3f,12,0.8,0.5,0,0,62328,100,0.6,0.2,0.2,0,3,JarFiles/GGA-tests/MOCKITO-3b
5,mockito,MOCKITO-3b,3b,becnhmark/applications/MOCKITO-bins/MOCKITO-3b,mockito,becnhmark/crashes/MOCKITO/MOCKITO-3b/MOCKITO-3b.log,yes,3f,12,0.8,0.5,0,0,62328,100,0.6,0.2,0.2,0,3,JarFiles/GGA-tests/MOCKITO-3b
6,mockito,MOCKITO-3b,3b,becnhmark/applications/MOCKITO-bins/MOCKITO-3b,mockito,becnhmark/crashes/MOCKITO/MOCKITO-3b/MOCKITO-3b.log,yes,3f,12,0.8,0.5,0,0,62328,100,0.6,0.2,0.2,0,3,JarFiles/GGA-tests/MOCKITO-3b
7,mockito,MOCKITO-3b,3b,becnhmark/applications/MOCKITO-bins/MOCKITO-3b,mockito,becnhmark/crashes/MOCKITO/MOCKITO-3b/MOCKITO-3b.log,yes,3f,12,0.8,0.5,0,0,62328,100,0.6,0.2,0.2,0,3,JarFiles/GGA-tests/MOCKITO-3b
8,mockito,MOCKITO-3b,3b,becnhmark/applications/MOCKITO-bins/MOCKITO-3b,mockito,becnhmark/crashes/MOCKITO/MOCKITO-3b/MOCKITO-3b.log,yes,3f,12,0.8,0.5,0,0,62328,100,0.6,0.2,0.2,0,3,JarFiles/GGA-tests/MOCKITO-3b
9,mockito,MOCKITO-3b,3b,becnhmark/applications/MOCKITO-bins/MOCKITO-3b,mockito,becnhmark/crashes/MOCKITO/MOCKITO-3b/MOCKITO-3b.log,yes,3f,12,0.8,0.5,0,0,62328,100,0.6,0.2,0.2,0,3,JarFiles/GGA-tests/MOCKITO-3b
10,mockito,MOCKITO-3b,3b,becnhmark/applications/MOCKITO-bins/MOCKITO-3b,mockito,becnhmark/crashes/MOCKITO/MOCKITO-3b/MOCKITO-3b.log,yes,3f,12,0.8,0.5,0,0,62328,100,0.6,0.2,0.2,0,3,JarFiles/GGA-tests/MOCKITO-3b
1,xwiki,XWIKI-14152,8.4.4,becnhmark/applications/XWIKI-bins/XWIKI-8.4.4,xwiki,becnhmark/crashes/XWIKI/XWIKI-14152/XWIKI-14152.log,yes,8.4.5,,0.8,0.5,0,0,62328,100,0.6,0.2,0.2,0,3,JarFiles/GGA-tests/XWIKI-14152
2,xwiki,XWIKI-14152,8.4.4,becnhmark/applications/XWIKI-bins/XWIKI-8.4.4,xwiki,becnhmark/crashes/XWIKI/XWIKI-14152/XWIKI-14152.log,yes,8.4.5,,0.8,0.5,0,0,62328,100,0.6,0.2,0.2,0,3,JarFiles/GGA-tests/XWIKI-14152
3,xwiki,XWIKI-14152,8.4.4,becnhmark/applications/XWIKI-bins/XWIKI-8.4.4,xwiki,becnhmark/crashes/XWIKI/XWIKI-14152/XWIKI-14152.log,yes,8.4.5,,0.8,0.5,0,0,62328,100,0.6,0.2,0.2,0,3,JarFiles/GGA-tests/XWIKI-14152
4,xwiki,XWIKI-14152,8.4.4,becnhmark/applications/XWIKI-bins/XWIKI-8.4.4,xwiki,becnhmark/crashes/XWIKI/XWIKI-14152/XWIKI-14152.log,yes,8.4.5,,0.8,0.5,0,0,62328,100,0.6,0.2,0.2,0,3,JarFiles/GGA-tests/XWIKI-14152
5,xwiki,XWIKI-14152,8.4.4,becnhmark/applications/XWIKI-bins/XWIKI-8.4.4,xwiki,becnhmark/crashes/XWIKI/XWIKI-14152/XWIKI-14152.log,yes,8.4.5,,0.8,0.5,0,0,62328,100,0.6,0.2,0.2,0,3,JarFiles/GGA-tests/XWIKI-14152
6,xwiki,XWIKI-14152,8.4.4,becnhmark/applications/XWIKI-bins/XWIKI-8.4.4,xwiki,becnhmark/crashes/XWIKI/XWIKI-14152/XWIKI-14152.log,yes,8.4.5,,0.8,0.5,0,0,62328,100,0.6,0.2,0.2,0,3,JarFiles/GGA-tests/XWIKI-14152
7,xwiki,XWIKI-14152,8.4.4,becnhmark/applications/XWIKI-bins/XWIKI-8.4.4,xwiki,becnhmark/crashes/XWIKI/XWIKI-14152/XWIKI-14152.log,yes,8.4.5,,0.8,0.5,0,0,62328,100,0.6,0.2,0.2,0,3,JarFiles/GGA-tests/XWIKI-14152
8,xwiki,XWIKI-14152,8.4.4,becnhmark/applications/XWIKI-bins/XWIKI-8.4.4,xwiki,becnhmark/crashes/XWIKI/XWIKI-14152/XWIKI-14152.log,yes,8.4.5,,0.8,0.5,0,0,62328,100,0.6,0.2,0.2,0,3,JarFiles/GGA-tests/XWIKI-14152
9,xwiki,XWIKI-14152,8.4.4,becnhmark/applications/XWIKI-bins/XWIKI-8.4.4,xwiki,becnhmark/crashes/XWIKI/XWIKI-14152/XWIKI-14152.log,yes,8.4.5,,0.8,0.5,0,0,62328,100,0.6,0.2,0.2,0,3,JarFiles/GGA-tests/XWIKI-14152
10,xwiki,XWIKI-14152,8.4.4,becnhmark/applications/XWIKI-bins/XWIKI-8.4.4,xwiki,becnhmark/crashes/XWIKI/XWIKI-14152/XWIKI-14152.log,yes,8.4.5,,0.8,0.5,0,0,62328,100,0.6,0.2,0.2,0,3,JarFiles/GGA-tests/XWIKI-14152
1,lang,LANG-19b,19b,becnhmark/applications/LANG-bins/LANG-19b,lang3,becnhmark/crashes/LANG/LANG-19b/LANG-19b.log,yes,19f,4,0.8,0.5,0,0,62328,100,0.6,0.2,0.2,0,3,JarFiles/GGA-tests/LANG-19b
2,lang,LANG-19b,19b,becnhmark/applications/LANG-bins/LANG-19b,lang3,becnhmark/crashes/LANG/LANG-19b/LANG-19b.log,yes,19f,4,0.8,0.5,0,0,62328,100,0.6,0.2,0.2,0,3,JarFiles/GGA-tests/LANG-19b
3,lang,LANG-19b,19b,becnhmark/applications/LANG-bins/LANG-19b,lang3,becnhmark/crashes/LANG/LANG-19b/LANG-19b.log,yes,19f,4,0.8,0.5,0,0,62328,100,0.6,0.2,0.2,0,3,JarFiles/GGA-tests/LANG-19b
4,lang,LANG-19b,19b,becnhmark/applications/LANG-bins/LANG-19b,lang3,becnhmark/crashes/LANG/LANG-19b/LANG-19b.log,yes,19f,4,0.8,0.5,0,0,62328,100,0.6,0.2,0.2,0,3,JarFiles/GGA-tests/LANG-19b
5,lang,LANG-19b,19b,becnhmark/applications/LANG-bins/LANG-19b,lang3,becnhmark/crashes/LANG/LANG-19b/LANG-19b.log,yes,19f,4,0.8,0.5,0,0,62328,100,0.6,0.2,0.2,0,3,JarFiles/GGA-tests/LANG-19b
6,lang,LANG-19b,19b,becnhmark/applications/LANG-bins/LANG-19b,lang3,becnhmark/crashes/LANG/LANG-19b/LANG-19b.log,yes,19f,4,0.8,0.5,0,0,62328,100,0.6,0.2,0.2,0,3,JarFiles/GGA-tests/LANG-19b
7,lang,LANG-19b,19b,becnhmark/applications/LANG-bins/LANG-19b,lang3,becnhmark/crashes/LANG/LANG-19b/LANG-19b.log,yes,19f,4,0.8,0.5,0,0,62328,100,0.6,0.2,0.2,0,3,JarFiles/GGA-tests/LANG-19b
8,lang,LANG-19b,19b,becnhmark/applications/LANG-bins/LANG-19b,lang3,becnhmark/crashes/LANG/LANG-19b/LANG-19b.log,yes,19f,4,0.8,0.5,0,0,62328,100,0.6,0.2,0.2,0,3,JarFiles/GGA-tests/LANG-19b
9,lang,LANG-19b,19b,becnhmark/applications/LANG-bins/LANG-19b,lang3,becnhmark/crashes/LANG/LANG-19b/LANG-19b.log,yes,19f,4,0.8,0.5,0,0,62328,100,0.6,0.2,0.2,0,3,JarFiles/GGA-tests/LANG-19b
10,lang,LANG-19b,19b,becnhmark/applications/LANG-bins/LANG-19b,lang3,becnhmark/crashes/LANG/LANG-19b/LANG-19b.log,yes,19f,4,0.8,0.5,0,0,62328,100,0.6,0.2,0.2,0,3,JarFiles/GGA-tests/LANG-19b
1,lang,LANG-27b,27b,becnhmark/applications/LANG-bins/LANG-27b,lang3,becnhmark/crashes/LANG/LANG-27b/LANG-27b.log,yes,27f,3,0.8,0.5,0,0,62328,100,0.6,0.2,0.2,0,3,JarFiles/GGA-tests/LANG-27b
2,lang,LANG-27b,27b,becnhmark/applications/LANG-bins/LANG-27b,lang3,becnhmark/crashes/LANG/LANG-27b/LANG-27b.log,yes,27f,3,0.8,0.5,0,0,62328,100,0.6,0.2,0.2,0,3,JarFiles/GGA-tests/LANG-27b
3,lang,LANG-27b,27b,becnhmark/applications/LANG-bins/LANG-27b,lang3,becnhmark/crashes/LANG/LANG-27b/LANG-27b.log,yes,27f,3,0.8,0.5,0,0,62328,100,0.6,0.2,0.2,0,3,JarFiles/GGA-tests/LANG-27b
4,lang,LANG-27b,27b,becnhmark/applications/LANG-bins/LANG-27b,lang3,becnhmark/crashes/LANG/LANG-27b/LANG-27b.log,yes,27f,3,0.8,0.5,0,0,62328,100,0.6,0.2,0.2,0,3,JarFiles/GGA-tests/LANG-27b
5,lang,LANG-27b,27b,becnhmark/applications/LANG-bins/LANG-27b,lang3,becnhmark/crashes/LANG/LANG-27b/LANG-27b.log,yes,27f,3,0.8,0.5,0,0,62328,100,0.6,0.2,0.2,0,3,JarFiles/GGA-tests/LANG-27b
6,lang,LANG-27b,27b,becnhmark/applications/LANG-bins/LANG-27b,lang3,becnhmark/crashes/LANG/LANG-27b/LANG-27b.log,yes,27f,3,0.8,0.5,0,0,62328,100,0.6,0.2,0.2,0,3,JarFiles/GGA-tests/LANG-27b
7,lang,LANG-27b,27b,becnhmark/applications/LANG-bins/LANG-27b,lang3,becnhmark/crashes/LANG/LANG-27b/LANG-27b.log,yes,27f,3,0.8,0.5,0,0,62328,100,0.6,0.2,0.2,0,3,JarFiles/GGA-tests/LANG-27b
8,lang,LANG-27b,27b,becnhmark/applications/LANG-bins/LANG-27b,lang3,becnhmark/crashes/LANG/LANG-27b/LANG-27b.log,yes,27f,3,0.8,0.5,0,0,62328,100,0.6,0.2,0.2,0,3,JarFiles/GGA-tests/LANG-27b
9,lang,LANG-27b,27b,becnhmark/applications/LANG-bins/LANG-27b,lang3,becnhmark/crashes/LANG/LANG-27b/LANG-27b.log,yes,27f,3,0.8,0.5,0,0,62328,100,0.6,0.2,0.2,0,3,JarFiles/GGA-tests/LANG-27b
10,lang,LANG-27b,27b,becnhmark/applications/LANG-bins/LANG-27b,lang3,becnhmark/crashes/LANG/LANG-27b/LANG-27b.log,yes,27f,3,0.8,0.5,0,0,62328,100,0.6,0.2,0.2,0,3,JarFiles/GGA-tests/LANG-27b
1,lang,LANG-44b,44b,becnhmark/applications/LANG-bins/LANG-44b,lang3,becnhmark/crashes/LANG/LANG-44b/LANG-44b.log,yes,44f,2,0.8,0.5,0,0,62328,100,0.6,0.2,0.2,0,3,JarFiles/GGA-tests/LANG-44b
2,lang,LANG-44b,44b,becnhmark/applications/LANG-bins/LANG-44b,lang3,becnhmark/crashes/LANG/LANG-44b/LANG-44b.log,yes,44f,2,0.8,0.5,0,0,62328,100,0.6,0.2,0.2,0,3,JarFiles/GGA-tests/LANG-44b
3,lang,LANG-44b,44b,becnhmark/applications/LANG-bins/LANG-44b,lang3,becnhmark/crashes/LANG/LANG-44b/LANG-44b.log,yes,44f,2,0.8,0.5,0,0,62328,100,0.6,0.2,0.2,0,3,JarFiles/GGA-tests/LANG-44b
4,lang,LANG-44b,44b,becnhmark/applications/LANG-bins/LANG-44b,lang3,becnhmark/crashes/LANG/LANG-44b/LANG-44b.log,yes,44f,2,0.8,0.5,0,0,62328,100,0.6,0.2,0.2,0,3,JarFiles/GGA-tests/LANG-44b
5,lang,LANG-44b,44b,becnhmark/applications/LANG-bins/LANG-44b,lang3,becnhmark/crashes/LANG/LANG-44b/LANG-44b.log,yes,44f,2,0.8,0.5,0,0,62328,100,0.6,0.2,0.2,0,3,JarFiles/GGA-tests/LANG-44b
6,lang,LANG-44b,44b,becnhmark/applications/LANG-bins/LANG-44b,lang3,becnhmark/crashes/LANG/LANG-44b/LANG-44b.log,yes,44f,2,0.8,0.5,0,0,62328,100,0.6,0.2,0.2,0,3,JarFiles/GGA-tests/LANG-44b
7,lang,LANG-44b,44b,becnhmark/applications/LANG-bins/LANG-44b,lang3,becnhmark/crashes/LANG/LANG-44b/LANG-44b.log,yes,44f,2,0.8,0.5,0,0,62328,100,0.6,0.2,0.2,0,3,JarFiles/GGA-tests/LANG-44b
8,lang,LANG-44b,44b,becnhmark/applications/LANG-bins/LANG-44b,lang3,becnhmark/crashes/LANG/LANG-44b/LANG-44b.log,yes,44f,2,0.8,0.5,0,0,62328,100,0.6,0.2,0.2,0,3,JarFiles/GGA-tests/LANG-44b
9,lang,LANG-44b,44b,becnhmark/applications/LANG-bins/LANG-44b,lang3,becnhmark/crashes/LANG/LANG-44b/LANG-44b.log,yes,44f,2,0.8,0.5,0,0,62328,100,0.6,0.2,0.2,0,3,JarFiles/GGA-tests/LANG-44b
10,lang,LANG-44b,44b,becnhmark/applications/LANG-bins/LANG-44b,lang3,becnhmark/crashes/LANG/LANG-44b/LANG-44b.log,yes,44f,2,0.8,0.5,0,0,62328,100,0.6,0.2,0.2,0,3,JarFiles/GGA-tests/LANG-44b
1,lang,LANG-45b,45b,becnhmark/applications/LANG-bins/LANG-45b,lang3,becnhmark/crashes/LANG/LANG-45b/LANG-45b.log,yes,45f,2,0.8,0.5,0,0,62328,100,0.6,0.2,0.2,0,3,JarFiles/GGA-tests/LANG-45b
2,lang,LANG-45b,45b,becnhmark/applications/LANG-bins/LANG-45b,lang3,becnhmark/crashes/LANG/LANG-45b/LANG-45b.log,yes,45f,2,0.8,0.5,0,0,62328,100,0.6,0.2,0.2,0,3,JarFiles/GGA-tests/LANG-45b
3,lang,LANG-45b,45b,becnhmark/applications/LANG-bins/LANG-45b,lang3,becnhmark/crashes/LANG/LANG-45b/LANG-45b.log,yes,45f,2,0.8,0.5,0,0,62328,100,0.6,0.2,0.2,0,3,JarFiles/GGA-tests/LANG-45b
4,lang,LANG-45b,45b,becnhmark/applications/LANG-bins/LANG-45b,lang3,becnhmark/crashes/LANG/LANG-45b/LANG-45b.log,yes,45f,2,0.8,0.5,0,0,62328,100,0.6,0.2,0.2,0,3,JarFiles/GGA-tests/LANG-45b
5,lang,LANG-45b,45b,becnhmark/applications/LANG-bins/LANG-45b,lang3,becnhmark/crashes/LANG/LANG-45b/LANG-45b.log,yes,45f,2,0.8,0.5,0,0,62328,100,0.6,0.2,0.2,0,3,JarFiles/GGA-tests/LANG-45b
6,lang,LANG-45b,45b,becnhmark/applications/LANG-bins/LANG-45b,lang3,becnhmark/crashes/LANG/LANG-45b/LANG-45b.log,yes,45f,2,0.8,0.5,0,0,62328,100,0.6,0.2,0.2,0,3,JarFiles/GGA-tests/LANG-45b
7,lang,LANG-45b,45b,becnhmark/applications/LANG-bins/LANG-45b,lang3,becnhmark/crashes/LANG/LANG-45b/LANG-45b.log,yes,45f,2,0.8,0.5,0,0,62328,100,0.6,0.2,0.2,0,3,JarFiles/GGA-tests/LANG-45b
8,lang,LANG-45b,45b,becnhmark/applications/LANG-bins/LANG-45b,lang3,becnhmark/crashes/LANG/LANG-45b/LANG-45b.log,yes,45f,2,0.8,0.5,0,0,62328,100,0.6,0.2,0.2,0,3,JarFiles/GGA-tests/LANG-45b
9,lang,LANG-45b,45b,becnhmark/applications/LANG-bins/LANG-45b,lang3,becnhmark/crashes/LANG/LANG-45b/LANG-45b.log,yes,45f,2,0.8,0.5,0,0,62328,100,0.6,0.2,0.2,0,3,JarFiles/GGA-tests/LANG-45b
10,lang,LANG-45b,45b,becnhmark/applications/LANG-bins/LANG-45b,lang3,becnhmark/crashes/LANG/LANG-45b/LANG-45b.log,yes,45f,2,0.8,0.5,0,0,62328,100,0.6,0.2,0.2,0,3,JarFiles/GGA-tests/LANG-45b
1,lang,LANG-51b,51b,becnhmark/applications/LANG-bins/LANG-51b,lang3,becnhmark/crashes/LANG/LANG-51b/LANG-51b.log,yes,51f,2,0.8,0.5,0,0,62328,100,0.6,0.2,0.2,0,3,JarFiles/GGA-tests/LANG-51b
2,lang,LANG-51b,51b,becnhmark/applications/LANG-bins/LANG-51b,lang3,becnhmark/crashes/LANG/LANG-51b/LANG-51b.log,yes,51f,2,0.8,0.5,0,0,62328,100,0.6,0.2,0.2,0,3,JarFiles/GGA-tests/LANG-51b
3,lang,LANG-51b,51b,becnhmark/applications/LANG-bins/LANG-51b,lang3,becnhmark/crashes/LANG/LANG-51b/LANG-51b.log,yes,51f,2,0.8,0.5,0,0,62328,100,0.6,0.2,0.2,0,3,JarFiles/GGA-tests/LANG-51b
4,lang,LANG-51b,51b,becnhmark/applications/LANG-bins/LANG-51b,lang3,becnhmark/crashes/LANG/LANG-51b/LANG-51b.log,yes,51f,2,0.8,0.5,0,0,62328,100,0.6,0.2,0.2,0,3,JarFiles/GGA-tests/LANG-51b
5,lang,LANG-51b,51b,becnhmark/applications/LANG-bins/LANG-51b,lang3,becnhmark/crashes/LANG/LANG-51b/LANG-51b.log,yes,51f,2,0.8,0.5,0,0,62328,100,0.6,0.2,0.2,0,3,JarFiles/GGA-tests/LANG-51b
6,lang,LANG-51b,51b,becnhmark/applications/LANG-bins/LANG-51b,lang3,becnhmark/crashes/LANG/LANG-51b/LANG-51b.log,yes,51f,2,0.8,0.5,0,0,62328,100,0.6,0.2,0.2,0,3,JarFiles/GGA-tests/LANG-51b
7,lang,LANG-51b,51b,becnhmark/applications/LANG-bins/LANG-51b,lang3,becnhmark/crashes/LANG/LANG-51b/LANG-51b.log,yes,51f,2,0.8,0.5,0,0,62328,100,0.6,0.2,0.2,0,3,JarFiles/GGA-tests/LANG-51b
8,lang,LANG-51b,51b,becnhmark/applications/LANG-bins/LANG-51b,lang3,becnhmark/crashes/LANG/LANG-51b/LANG-51b.log,yes,51f,2,0.8,0.5,0,0,62328,100,0.6,0.2,0.2,0,3,JarFiles/GGA-tests/LANG-51b
9,lang,LANG-51b,51b,becnhmark/applications/LANG-bins/LANG-51b,lang3,becnhmark/crashes/LANG/LANG-51b/LANG-51b.log,yes,51f,2,0.8,0.5,0,0,62328,100,0.6,0.2,0.2,0,3,JarFiles/GGA-tests/LANG-51b
10,lang,LANG-51b,51b,becnhmark/applications/LANG-bins/LANG-51b,lang3,becnhmark/crashes/LANG/LANG-51b/LANG-51b.log,yes,51f,2,0.8,0.5,0,0,62328,100,0.6,0.2,0.2,0,3,JarFiles/GGA-tests/LANG-51b
1,lang,LANG-6b,6b,becnhmark/applications/LANG-bins/LANG-6b,lang3,becnhmark/crashes/LANG/LANG-6b/LANG-6b.log,yes,6f,5,0.8,0.5,0,0,62328,100,0.6,0.2,0.2,0,3,JarFiles/GGA-tests/LANG-6b
2,lang,LANG-6b,6b,becnhmark/applications/LANG-bins/LANG-6b,lang3,becnhmark/crashes/LANG/LANG-6b/LANG-6b.log,yes,6f,5,0.8,0.5,0,0,62328,100,0.6,0.2,0.2,0,3,JarFiles/GGA-tests/LANG-6b
3,lang,LANG-6b,6b,becnhmark/applications/LANG-bins/LANG-6b,lang3,becnhmark/crashes/LANG/LANG-6b/LANG-6b.log,yes,6f,5,0.8,0.5,0,0,62328,100,0.6,0.2,0.2,0,3,JarFiles/GGA-tests/LANG-6b
4,lang,LANG-6b,6b,becnhmark/applications/LANG-bins/LANG-6b,lang3,becnhmark/crashes/LANG/LANG-6b/LANG-6b.log,yes,6f,5,0.8,0.5,0,0,62328,100,0.6,0.2,0.2,0,3,JarFiles/GGA-tests/LANG-6b
5,lang,LANG-6b,6b,becnhmark/applications/LANG-bins/LANG-6b,lang3,becnhmark/crashes/LANG/LANG-6b/LANG-6b.log,yes,6f,5,0.8,0.5,0,0,62328,100,0.6,0.2,0.2,0,3,JarFiles/GGA-tests/LANG-6b
6,lang,LANG-6b,6b,becnhmark/applications/LANG-bins/LANG-6b,lang3,becnhmark/crashes/LANG/LANG-6b/LANG-6b.log,yes,6f,5,0.8,0.5,0,0,62328,100,0.6,0.2,0.2,0,3,JarFiles/GGA-tests/LANG-6b
7,lang,LANG-6b,6b,becnhmark/applications/LANG-bins/LANG-6b,lang3,becnhmark/crashes/LANG/LANG-6b/LANG-6b.log,yes,6f,5,0.8,0.5,0,0,62328,100,0.6,0.2,0.2,0,3,JarFiles/GGA-tests/LANG-6b
8,lang,LANG-6b,6b,becnhmark/applications/LANG-bins/LANG-6b,lang3,becnhmark/crashes/LANG/LANG-6b/LANG-6b.log,yes,6f,5,0.8,0.5,0,0,62328,100,0.6,0.2,0.2,0,3,JarFiles/GGA-tests/LANG-6b
9,lang,LANG-6b,6b,becnhmark/applications/LANG-bins/LANG-6b,lang3,becnhmark/crashes/LANG/LANG-6b/LANG-6b.log,yes,6f,5,0.8,0.5,0,0,62328,100,0.6,0.2,0.2,0,3,JarFiles/GGA-tests/LANG-6b
10,lang,LANG-6b,6b,becnhmark/applications/LANG-bins/LANG-6b,lang3,becnhmark/crashes/LANG/LANG-6b/LANG-6b.log,yes,6f,5,0.8,0.5,0,0,62328,100,0.6,0.2,0.2,0,3,JarFiles/GGA-tests/LANG-6b
1,math,MATH-101b,101b,becnhmark/applications/MATH-bins/MATH-101b,math3,becnhmark/crashes/MATH/MATH-101b/MATH-101b.log,yes,101f,2,0.8,0.5,0,0,62328,100,0.6,0.2,0.2,0,3,JarFiles/GGA-tests/MATH-101b
2,math,MATH-101b,101b,becnhmark/applications/MATH-bins/MATH-101b,math3,becnhmark/crashes/MATH/MATH-101b/MATH-101b.log,yes,101f,2,0.8,0.5,0,0,62328,100,0.6,0.2,0.2,0,3,JarFiles/GGA-tests/MATH-101b
3,math,MATH-101b,101b,becnhmark/applications/MATH-bins/MATH-101b,math3,becnhmark/crashes/MATH/MATH-101b/MATH-101b.log,yes,101f,2,0.8,0.5,0,0,62328,100,0.6,0.2,0.2,0,3,JarFiles/GGA-tests/MATH-101b
4,math,MATH-101b,101b,becnhmark/applications/MATH-bins/MATH-101b,math3,becnhmark/crashes/MATH/MATH-101b/MATH-101b.log,yes,101f,2,0.8,0.5,0,0,62328,100,0.6,0.2,0.2,0,3,JarFiles/GGA-tests/MATH-101b
5,math,MATH-101b,101b,becnhmark/applications/MATH-bins/MATH-101b,math3,becnhmark/crashes/MATH/MATH-101b/MATH-101b.log,yes,101f,2,0.8,0.5,0,0,62328,100,0.6,0.2,0.2,0,3,JarFiles/GGA-tests/MATH-101b
6,math,MATH-101b,101b,becnhmark/applications/MATH-bins/MATH-101b,math3,becnhmark/crashes/MATH/MATH-101b/MATH-101b.log,yes,101f,2,0.8,0.5,0,0,62328,100,0.6,0.2,0.2,0,3,JarFiles/GGA-tests/MATH-101b
7,math,MATH-101b,101b,becnhmark/applications/MATH-bins/MATH-101b,math3,becnhmark/crashes/MATH/MATH-101b/MATH-101b.log,yes,101f,2,0.8,0.5,0,0,62328,100,0.6,0.2,0.2,0,3,JarFiles/GGA-tests/MATH-101b
8,math,MATH-101b,101b,becnhmark/applications/MATH-bins/MATH-101b,math3,becnhmark/crashes/MATH/MATH-101b/MATH-101b.log,yes,101f,2,0.8,0.5,0,0,62328,100,0.6,0.2,0.2,0,3,JarFiles/GGA-tests/MATH-101b
9,math,MATH-101b,101b,becnhmark/applications/MATH-bins/MATH-101b,math3,becnhmark/crashes/MATH/MATH-101b/MATH-101b.log,yes,101f,2,0.8,0.5,0,0,62328,100,0.6,0.2,0.2,0,3,JarFiles/GGA-tests/MATH-101b
10,math,MATH-101b,101b,becnhmark/applications/MATH-bins/MATH-101b,math3,becnhmark/crashes/MATH/MATH-101b/MATH-101b.log,yes,101f,2,0.8,0.5,0,0,62328,100,0.6,0.2,0.2,0,3,JarFiles/GGA-tests/MATH-101b
